layer,label,root_cause,surface,surface_narrow,records,clients,spans_multiple_clients,client_list
consensus,validator,missing_input_validation,spec_anchored,client_local,75,5,True,lighthouse;lodestar;nimbus;prysm;teku
consensus,beacon-chain:attestation,missing_input_validation,spec_anchored,spec_anchored,70,5,True,lighthouse;lodestar;nimbus;prysm;teku
consensus,other,other,unclassified,unclassified,64,5,True,lighthouse;lodestar;nimbus;prysm;teku
execution,state-trie,improper_state_update,spec_anchored,spec_anchored,47,5,True,besu;erigon;geth;nethermind;reth
consensus,p2p-interface,missing_input_validation,spec_anchored,client_local,44,5,True,lighthouse;lodestar;nimbus;prysm;teku
execution,state-trie,resource_exhaustion,spec_anchored,spec_anchored,43,5,True,besu;erigon;geth;nethermind;reth
consensus,p2p-interface,resource_exhaustion,spec_anchored,client_local,40,6,True,grandine;lighthouse;lodestar;nimbus;prysm;teku
consensus,build-ci,other,client_local,client_local,37,4,True,grandine;lighthouse;lodestar;teku
execution,sync,resource_exhaustion,client_local,client_local,37,4,True,erigon;geth;nethermind;reth
execution,rpc,resource_exhaustion,client_local,client_local,36,5,True,besu;erigon;geth;nethermind;reth
consensus,fork-choice,missing_input_validation,spec_anchored,spec_anchored,35,6,True,grandine;lighthouse;lodestar;nimbus;prysm;teku
execution,sync,race_condition,client_local,client_local,33,4,True,besu;erigon;geth;nethermind
consensus,fork-choice,consensus_divergence,spec_anchored,spec_anchored,29,4,True,grandine;lighthouse;lodestar;nimbus
execution,state-trie,race_condition,spec_anchored,spec_anchored,28,5,True,besu;erigon;geth;nethermind;reth
execution,other,other,unclassified,unclassified,25,5,True,besu;erigon;geth;nethermind;reth
execution,p2p,resource_exhaustion,client_local,client_local,25,5,True,besu;erigon;geth;nethermind;reth
execution,rpc,unhandled_error_or_nil,client_local,client_local,25,4,True,besu;erigon;geth;reth
execution,state-trie,unhandled_error_or_nil,spec_anchored,spec_anchored,25,4,True,besu;erigon;geth;reth
consensus,p2p-interface,other,spec_anchored,client_local,23,3,True,lighthouse;lodestar;nimbus
execution,sync,unhandled_error_or_nil,client_local,client_local,22,4,True,besu;erigon;geth;nethermind
execution,rpc,missing_input_validation,client_local,client_local,21,5,True,besu;erigon;geth;nethermind;reth
execution,build-ci,other,client_local,client_local,20,4,True,besu;erigon;geth;reth
execution,state-trie,consensus_divergence,spec_anchored,spec_anchored,19,4,True,besu;erigon;geth;reth
consensus,builder,missing_input_validation,client_local,client_local,18,6,True,grandine;lighthouse;lodestar;nimbus;prysm;teku
execution,transactions,missing_input_validation,spec_anchored,spec_anchored,18,5,True,besu;erigon;geth;nethermind;reth
consensus,p2p-interface,consensus_divergence,spec_anchored,client_local,18,4,True,lighthouse;lodestar;nimbus;prysm
execution,transactions,race_condition,spec_anchored,spec_anchored,17,5,True,besu;erigon;geth;nethermind;reth
execution,txpool,resource_exhaustion,client_local,client_local,17,5,True,besu;erigon;geth;nethermind;reth
consensus,p2p-interface,unhandled_error_or_nil,spec_anchored,client_local,17,4,True,lodestar;nimbus;prysm;teku
execution,transactions,resource_exhaustion,spec_anchored,spec_anchored,17,4,True,besu;erigon;geth;reth
execution,other,unhandled_error_or_nil,unclassified,unclassified,17,3,True,erigon;geth;reth
execution,test,race_condition,client_local,client_local,17,3,True,erigon;geth;reth
consensus,beacon-chain:block-processing,consensus_divergence,spec_anchored,spec_anchored,16,2,True,lighthouse;nimbus
consensus,data-availability-sampling,missing_input_validation,spec_anchored,client_local,15,4,True,lighthouse;lodestar;nimbus;prysm
execution,p2p,unhandled_error_or_nil,client_local,client_local,15,2,True,erigon;geth
consensus,beacon-chain:sync-committee,missing_input_validation,spec_anchored,client_local,14,5,True,grandine;lighthouse;lodestar;nimbus;teku
execution,sync,missing_input_validation,client_local,client_local,14,5,True,besu;erigon;geth;nethermind;reth
consensus,beacon-chain:block-processing,missing_input_validation,spec_anchored,spec_anchored,14,4,True,lighthouse;lodestar;nimbus;prysm
consensus,p2p-interface,race_condition,spec_anchored,client_local,14,4,True,lighthouse;lodestar;nimbus;prysm
execution,rpc,race_condition,client_local,client_local,14,4,True,erigon;geth;nethermind;reth
execution,rpc,integer_overflow_underflow,client_local,client_local,13,5,True,besu;erigon;geth;nethermind;reth
execution,state-trie,missing_input_validation,spec_anchored,spec_anchored,13,5,True,besu;erigon;geth;nethermind;reth
consensus,beacon-chain:slashing,missing_input_validation,spec_anchored,client_local,13,4,True,lighthouse;lodestar;prysm;teku
consensus,beacon-chain:block-processing,integer_overflow_underflow,spec_anchored,spec_anchored,13,3,True,lighthouse;nimbus;teku
consensus,beacon-chain:block-processing,resource_exhaustion,spec_anchored,spec_anchored,13,3,True,lighthouse;lodestar;nimbus
consensus,fork-choice,integer_overflow_underflow,spec_anchored,spec_anchored,13,3,True,lighthouse;nimbus;teku
execution,crypto,missing_input_validation,spec_anchored,client_local,13,2,True,erigon;geth
consensus,beacon-chain:deposit,missing_input_validation,spec_anchored,client_local,12,4,True,grandine;lodestar;nimbus;prysm
execution,evm,integer_overflow_underflow,spec_anchored,spec_anchored,12,4,True,besu;erigon;nethermind;reth
execution,rpc,other,client_local,client_local,12,4,True,erigon;geth;nethermind;reth
execution,state-trie,other,spec_anchored,spec_anchored,12,3,True,erigon;geth;reth
execution,engine-api,missing_input_validation,spec_anchored,client_local,11,5,True,besu;erigon;geth;nethermind;reth
execution,transactions,consensus_divergence,spec_anchored,spec_anchored,11,3,True,erigon;geth;reth
consensus,other,resource_exhaustion,unclassified,unclassified,10,4,True,grandine;lighthouse;lodestar;nimbus
consensus,p2p-interface,integer_overflow_underflow,spec_anchored,client_local,10,4,True,lighthouse;lodestar;nimbus;teku
execution,state-trie,missing_bounds_check,spec_anchored,spec_anchored,10,4,True,erigon;geth;nethermind;reth
execution,sync,other,client_local,client_local,10,4,True,besu;erigon;geth;nethermind
execution,test,other,client_local,client_local,10,2,True,erigon;geth
consensus,beacon-chain:block-processing,other,spec_anchored,spec_anchored,10,1,False,nimbus
consensus,build-ci,resource_exhaustion,client_local,client_local,9,4,True,grandine;lighthouse;lodestar;teku
execution,state-trie,integer_overflow_underflow,spec_anchored,spec_anchored,9,4,True,erigon;geth;nethermind;reth
execution,transactions,integer_overflow_underflow,spec_anchored,spec_anchored,9,4,True,erigon;geth;nethermind;reth
consensus,beacon-chain:execution-payload,missing_input_validation,spec_anchored,spec_anchored,9,3,True,lighthouse;lodestar;nimbus
consensus,data-availability-sampling,integer_overflow_underflow,spec_anchored,client_local,9,3,True,lighthouse;prysm;teku
execution,block-processing,race_condition,spec_anchored,spec_anchored,9,3,True,erigon;geth;nethermind
execution,evm,resource_exhaustion,spec_anchored,spec_anchored,9,3,True,besu;geth;nethermind
execution,sync,missing_bounds_check,client_local,client_local,9,3,True,besu;erigon;geth
execution,p2p,missing_input_validation,client_local,client_local,9,2,True,erigon;geth
execution,p2p,race_condition,client_local,client_local,8,5,True,besu;erigon;geth;nethermind;reth
execution,engine-api,consensus_divergence,spec_anchored,client_local,8,4,True,erigon;geth;nethermind;reth
execution,gas,incorrect_gas_accounting,spec_anchored,spec_anchored,8,4,True,besu;erigon;geth;nethermind
execution,gas,integer_overflow_underflow,spec_anchored,spec_anchored,8,4,True,besu;erigon;geth;reth
execution,rpc,consensus_divergence,client_local,client_local,8,4,True,besu;erigon;geth;reth
execution,rpc,missing_bounds_check,client_local,client_local,8,4,True,erigon;geth;nethermind;reth
consensus,beacon-chain:attestation,resource_exhaustion,spec_anchored,spec_anchored,8,3,True,lighthouse;lodestar;nimbus
consensus,kzg-commitments,missing_input_validation,spec_anchored,client_local,8,3,True,grandine;lighthouse;nimbus
execution,cli,other,client_local,client_local,8,3,True,erigon;geth;reth
execution,cli,resource_exhaustion,client_local,client_local,8,3,True,erigon;geth;reth
execution,transactions,other,spec_anchored,spec_anchored,8,3,True,erigon;geth;reth
execution,transactions,unhandled_error_or_nil,spec_anchored,spec_anchored,8,3,True,erigon;geth;reth
execution,txpool,race_condition,client_local,client_local,8,3,True,erigon;geth;nethermind
execution,test,missing_input_validation,client_local,client_local,8,2,True,erigon;geth
execution,txpool,other,client_local,client_local,8,2,True,erigon;geth
consensus,fork-choice,incorrect_gas_accounting,spec_anchored,spec_anchored,8,1,False,teku
consensus,other,unhandled_error_or_nil,unclassified,unclassified,7,4,True,lighthouse;nimbus;prysm;teku
execution,p2p,other,client_local,client_local,7,4,True,besu;consensus-specs;erigon;geth
consensus,beacon-chain:attestation,consensus_divergence,spec_anchored,spec_anchored,7,3,True,lighthouse;nimbus;prysm
consensus,light-client,missing_input_validation,spec_anchored,client_local,7,3,True,lighthouse;lodestar;nimbus
execution,block-processing,resource_exhaustion,spec_anchored,spec_anchored,7,3,True,besu;geth;reth
execution,block-processing,unhandled_error_or_nil,spec_anchored,spec_anchored,7,3,True,erigon;nethermind;reth
execution,crypto,resource_exhaustion,spec_anchored,client_local,7,3,True,erigon;geth;nethermind
execution,crypto,unhandled_error_or_nil,spec_anchored,client_local,7,3,True,erigon;geth;reth
execution,engine-api,unhandled_error_or_nil,spec_anchored,client_local,7,3,True,erigon;geth;reth
execution,other,missing_input_validation,unclassified,unclassified,7,3,True,besu;geth;nethermind
execution,p2p,missing_bounds_check,client_local,client_local,7,3,True,erigon;geth;nethermind
execution,database,unhandled_error_or_nil,client_local,client_local,7,2,True,erigon;geth
consensus,beacon-chain:attestation,race_condition,spec_anchored,spec_anchored,6,4,True,lighthouse;lodestar;prysm;teku
consensus,beacon-chain:block-processing,race_condition,spec_anchored,spec_anchored,6,4,True,lodestar;nimbus;prysm;teku
execution,database,resource_exhaustion,client_local,client_local,6,4,True,besu;erigon;geth;nethermind
consensus,beacon-chain:slashing,integer_overflow_underflow,spec_anchored,client_local,6,3,True,lighthouse;lodestar;nimbus
execution,build-ci,race_condition,client_local,client_local,6,3,True,erigon;geth;reth
execution,metrics-observability,other,client_local,client_local,6,3,True,erigon;geth;nethermind
execution,other,race_condition,unclassified,unclassified,6,3,True,erigon;geth;nethermind
execution,build-ci,missing_input_validation,client_local,client_local,6,2,True,besu;erigon
execution,build-ci,resource_exhaustion,client_local,client_local,6,2,True,geth;reth
execution,cli,missing_input_validation,client_local,client_local,6,2,True,erigon;geth
consensus,deposit-contract,missing_input_validation,spec_anchored,client_local,6,1,False,nimbus
execution,p2p,integer_overflow_underflow,client_local,client_local,6,1,False,geth
consensus,beacon-chain:block-processing,improper_state_update,spec_anchored,spec_anchored,5,4,True,lighthouse;lodestar;nimbus;prysm
execution,block-processing,missing_input_validation,spec_anchored,spec_anchored,5,4,True,erigon;geth;nethermind;reth
execution,build-ci,integer_overflow_underflow,client_local,client_local,5,4,True,besu;erigon;geth;reth
execution,opcodes,consensus_divergence,spec_anchored,spec_anchored,5,4,True,besu;erigon;geth;reth
execution,sync,consensus_divergence,client_local,client_local,5,4,True,besu;consensus-specs;erigon;geth
consensus,builder,consensus_divergence,client_local,client_local,5,3,True,lighthouse;lodestar;nimbus
execution,cli,race_condition,client_local,client_local,5,3,True,erigon;geth;reth
execution,engine-api,integer_overflow_underflow,spec_anchored,client_local,5,3,True,besu;erigon;reth
execution,other,resource_exhaustion,unclassified,unclassified,5,3,True,besu;geth;nethermind
execution,precompiles,integer_overflow_underflow,spec_anchored,spec_anchored,5,3,True,besu;geth;nethermind
execution,sync,integer_overflow_underflow,client_local,client_local,5,3,True,geth;nethermind;reth
execution,txpool,incorrect_gas_accounting,client_local,client_local,5,3,True,erigon;geth;nethermind
execution,cli,unhandled_error_or_nil,client_local,client_local,5,2,True,erigon;geth
execution,database,missing_input_validation,client_local,client_local,5,2,True,erigon;geth
execution,database,race_condition,client_local,client_local,5,2,True,erigon;nethermind
execution,evm,race_condition,spec_anchored,spec_anchored,5,2,True,geth;nethermind
execution,test,consensus_divergence,client_local,client_local,5,2,True,erigon;geth
execution,transactions,improper_state_update,spec_anchored,spec_anchored,5,2,True,geth;reth
consensus,test,integer_overflow_underflow,client_local,client_local,5,1,False,teku
execution,txpool,unhandled_error_or_nil,client_local,client_local,5,1,False,erigon
consensus,beacon-chain:execution-payload,other,spec_anchored,spec_anchored,4,4,True,grandine;lighthouse;lodestar;nimbus
consensus,beacon-chain:attestation,integer_overflow_underflow,spec_anchored,spec_anchored,4,3,True,lighthouse;lodestar;nimbus
consensus,beacon-chain:attestation,missing_bounds_check,spec_anchored,spec_anchored,4,3,True,lighthouse;lodestar;prysm
consensus,beacon-chain:block-processing,unhandled_error_or_nil,spec_anchored,spec_anchored,4,3,True,lighthouse;nimbus;prysm
consensus,beacon-chain:slashing,other,spec_anchored,client_local,4,3,True,lighthouse;nimbus;prysm
consensus,beacon-chain:withdrawal,missing_input_validation,spec_anchored,client_local,4,3,True,grandine;lighthouse;lodestar
consensus,bls,missing_input_validation,spec_anchored,client_local,4,3,True,lighthouse;lodestar;nimbus
consensus,p2p-interface,crypto_misuse,spec_anchored,client_local,4,3,True,lighthouse;nimbus;prysm
consensus,validator,race_condition,spec_anchored,client_local,4,3,True,lighthouse;prysm;teku
execution,block-processing,missing_bounds_check,spec_anchored,spec_anchored,4,3,True,erigon;geth;reth
execution,database,missing_bounds_check,client_local,client_local,4,3,True,erigon;geth;nethermind
execution,p2p,serialization_bug,client_local,client_local,4,3,True,besu;erigon;reth
execution,rlp,integer_overflow_underflow,spec_anchored,spec_anchored,4,3,True,erigon;geth;nethermind
execution,rlp,resource_exhaustion,spec_anchored,spec_anchored,4,3,True,erigon;nethermind;reth
consensus,database,unhandled_error_or_nil,client_local,client_local,4,2,True,nimbus;teku
consensus,light-client,resource_exhaustion,spec_anchored,client_local,4,2,True,lodestar;nimbus
consensus,other,missing_input_validation,unclassified,unclassified,4,2,True,prysm;teku
execution,block-processing,other,spec_anchored,spec_anchored,4,2,True,erigon;geth
execution,opcodes,missing_input_validation,spec_anchored,spec_anchored,4,2,True,erigon;nethermind
execution,serialization,missing_bounds_check,spec_anchored,spec_anchored,4,2,True,erigon;geth
execution,sync,improper_state_update,client_local,client_local,4,2,True,besu;erigon
consensus,light-client,consensus_divergence,spec_anchored,client_local,4,1,False,nimbus
consensus,p2p-interface,incorrect_gas_accounting,spec_anchored,client_local,4,1,False,teku
consensus,bls,crypto_misuse,spec_anchored,client_local,3,3,True,lighthouse;nimbus;prysm
consensus,database,resource_exhaustion,client_local,client_local,3,3,True,lighthouse;lodestar;teku
execution,build-ci,crypto_misuse,client_local,client_local,3,3,True,erigon;geth;reth
execution,cli,improper_state_update,client_local,client_local,3,3,True,besu;erigon;geth
execution,crypto,integer_overflow_underflow,spec_anchored,client_local,3,3,True,erigon;geth;nethermind
execution,database,integer_overflow_underflow,client_local,client_local,3,3,True,besu;erigon;reth
execution,opcodes,resource_exhaustion,spec_anchored,spec_anchored,3,3,True,besu;erigon;nethermind
execution,txpool,consensus_divergence,client_local,client_local,3,3,True,geth;nethermind;reth
consensus,beacon-chain:attestation,other,spec_anchored,spec_anchored,3,2,True,lodestar;prysm
consensus,beacon-chain:rewards-and-penalties,integer_overflow_underflow,spec_anchored,client_local,3,2,True,lighthouse;nimbus
consensus,fork-choice,missing_bounds_check,spec_anchored,spec_anchored,3,2,True,lodestar;nimbus
consensus,validator,integer_overflow_underflow,spec_anchored,client_local,3,2,True,nimbus;teku
execution,block-processing,consensus_divergence,spec_anchored,spec_anchored,3,2,True,geth;nethermind
execution,cli,crypto_misuse,client_local,client_local,3,2,True,erigon;geth
execution,crypto,crypto_misuse,spec_anchored,client_local,3,2,True,erigon;geth
execution,database,other,client_local,client_local,3,2,True,erigon;geth
execution,engine-api,incorrect_gas_accounting,spec_anchored,client_local,3,2,True,besu;erigon
execution,gas,missing_input_validation,spec_anchored,spec_anchored,3,2,True,erigon;geth
execution,metrics-observability,race_condition,client_local,client_local,3,2,True,geth;reth
execution,metrics-observability,unhandled_error_or_nil,client_local,client_local,3,2,True,erigon;geth
execution,opcodes,integer_overflow_underflow,spec_anchored,spec_anchored,3,2,True,erigon;geth
execution,opcodes,unhandled_error_or_nil,spec_anchored,spec_anchored,3,2,True,erigon;geth
execution,precompiles,missing_input_validation,spec_anchored,spec_anchored,3,2,True,besu;nethermind
execution,precompiles,resource_exhaustion,spec_anchored,spec_anchored,3,2,True,besu;erigon
execution,rpc,crypto_misuse,client_local,client_local,3,2,True,geth;nethermind
execution,rpc,incorrect_gas_accounting,client_local,client_local,3,2,True,geth;nethermind
execution,serialization,resource_exhaustion,spec_anchored,spec_anchored,3,2,True,erigon;geth
execution,test,resource_exhaustion,client_local,client_local,3,2,True,erigon;geth
execution,test,unhandled_error_or_nil,client_local,client_local,3,2,True,erigon;geth
execution,txpool,improper_state_update,client_local,client_local,3,2,True,besu;erigon
execution,txpool,integer_overflow_underflow,client_local,client_local,3,2,True,erigon;reth
execution,txpool,missing_input_validation,client_local,client_local,3,2,True,erigon;nethermind
consensus,beacon-chain:execution-payload,race_condition,spec_anchored,spec_anchored,3,1,False,teku
consensus,data-availability-sampling,incorrect_gas_accounting,spec_anchored,client_local,3,1,False,teku
consensus,data-availability-sampling,resource_exhaustion,spec_anchored,client_local,3,1,False,lighthouse
consensus,kzg-commitments,integer_overflow_underflow,spec_anchored,client_local,3,1,False,teku
consensus,p2p-interface,missing_bounds_check,spec_anchored,client_local,3,1,False,nimbus
execution,build-ci,missing_bounds_check,client_local,client_local,3,1,False,erigon
execution,engine-api,improper_state_update,spec_anchored,client_local,3,1,False,reth
execution,test,integer_overflow_underflow,client_local,client_local,3,1,False,geth
consensus,beacon-chain:attestation,serialization_bug,spec_anchored,spec_anchored,2,2,True,nimbus;prysm
consensus,beacon-chain:effective-balance-updates,consensus_divergence,spec_anchored,client_local,2,2,True,lighthouse;lodestar
consensus,beacon-chain:execution-payload,consensus_divergence,spec_anchored,spec_anchored,2,2,True,lodestar;nimbus
consensus,beacon-chain:execution-payload,integer_overflow_underflow,spec_anchored,spec_anchored,2,2,True,nimbus;teku
consensus,beacon-chain:exit-consolidation,missing_bounds_check,spec_anchored,client_local,2,2,True,lighthouse;lodestar
consensus,beacon-chain:exit-consolidation,missing_input_validation,spec_anchored,client_local,2,2,True,lodestar;prysm
consensus,beacon-chain:justification-and-finality,missing_input_validation,spec_anchored,client_local,2,2,True,lodestar;prysm
consensus,build-ci,missing_input_validation,client_local,client_local,2,2,True,lighthouse;lodestar
consensus,crypto,crypto_misuse,spec_anchored,client_local,2,2,True,nimbus;prysm
consensus,crypto,missing_input_validation,spec_anchored,client_local,2,2,True,lighthouse;prysm
consensus,database,other,client_local,client_local,2,2,True,lighthouse;lodestar
consensus,database,race_condition,client_local,client_local,2,2,True,nimbus;teku
consensus,fork-choice,race_condition,spec_anchored,spec_anchored,2,2,True,prysm;teku
consensus,fork-choice,unhandled_error_or_nil,spec_anchored,spec_anchored,2,2,True,lighthouse;teku
consensus,kzg-commitments,consensus_divergence,spec_anchored,client_local,2,2,True,lighthouse;lodestar
consensus,p2p-interface,improper_state_update,spec_anchored,client_local,2,2,True,lodestar;nimbus
consensus,p2p-interface,serialization_bug,spec_anchored,client_local,2,2,True,nimbus;prysm
consensus,test,consensus_divergence,client_local,client_local,2,2,True,lodestar;prysm
consensus,test,other,client_local,client_local,2,2,True,lighthouse;lodestar
consensus,validator,other,spec_anchored,client_local,2,2,True,lighthouse;prysm
consensus,validator,unhandled_error_or_nil,spec_anchored,client_local,2,2,True,nimbus;prysm
execution,blobs,crypto_misuse,spec_anchored,client_local,2,2,True,besu;geth
execution,blobs,resource_exhaustion,spec_anchored,client_local,2,2,True,erigon;geth
execution,evm,consensus_divergence,spec_anchored,spec_anchored,2,2,True,besu;geth
execution,evm,improper_state_update,spec_anchored,spec_anchored,2,2,True,erigon;geth
execution,evm,other,spec_anchored,spec_anchored,2,2,True,geth;nethermind
execution,evm,unhandled_error_or_nil,spec_anchored,spec_anchored,2,2,True,geth;reth
execution,gas,unhandled_error_or_nil,spec_anchored,spec_anchored,2,2,True,erigon;geth
execution,metrics-observability,consensus_divergence,client_local,client_local,2,2,True,nethermind;reth
execution,metrics-observability,integer_overflow_underflow,client_local,client_local,2,2,True,nethermind;reth
execution,rlp,missing_bounds_check,spec_anchored,spec_anchored,2,2,True,geth;nethermind
execution,rpc,improper_state_update,client_local,client_local,2,2,True,erigon;nethermind
execution,rpc,serialization_bug,client_local,client_local,2,2,True,besu;nethermind
execution,serialization,unhandled_error_or_nil,spec_anchored,spec_anchored,2,2,True,erigon;geth
execution,state-trie,serialization_bug,spec_anchored,spec_anchored,2,2,True,besu;erigon
execution,transactions,serialization_bug,spec_anchored,spec_anchored,2,2,True,besu;geth
consensus,beacon-chain:deposit,improper_state_update,spec_anchored,client_local,2,1,False,prysm
consensus,beacon-chain:exit-consolidation,other,spec_anchored,client_local,2,1,False,lighthouse
consensus,beacon-chain:justification-and-finality,integer_overflow_underflow,spec_anchored,client_local,2,1,False,nimbus
consensus,beacon-chain:slashing,race_condition,spec_anchored,client_local,2,1,False,prysm
consensus,beacon-chain:withdrawal,integer_overflow_underflow,spec_anchored,client_local,2,1,False,prysm
consensus,data-availability-sampling,race_condition,spec_anchored,client_local,2,1,False,lighthouse
consensus,kzg-commitments,missing_bounds_check,spec_anchored,client_local,2,1,False,lighthouse
consensus,serialization,integer_overflow_underflow,spec_anchored,spec_anchored,2,1,False,teku
consensus,serialization,race_condition,spec_anchored,spec_anchored,2,1,False,lodestar
consensus,test,incorrect_gas_accounting,client_local,client_local,2,1,False,teku
consensus,validator,missing_bounds_check,spec_anchored,client_local,2,1,False,nimbus
execution,blobs,consensus_divergence,spec_anchored,client_local,2,1,False,geth
execution,blobs,missing_input_validation,spec_anchored,client_local,2,1,False,geth
execution,blobs,other,spec_anchored,client_local,2,1,False,geth
execution,build-ci,consensus_divergence,client_local,client_local,2,1,False,geth
execution,database,improper_state_update,client_local,client_local,2,1,False,geth
execution,engine-api,missing_bounds_check,spec_anchored,client_local,2,1,False,erigon
execution,evm,missing_bounds_check,spec_anchored,spec_anchored,2,1,False,geth
execution,evm,missing_input_validation,spec_anchored,spec_anchored,2,1,False,besu
execution,gas,resource_exhaustion,spec_anchored,spec_anchored,2,1,False,reth
execution,opcodes,missing_bounds_check,spec_anchored,spec_anchored,2,1,False,geth
execution,opcodes,other,spec_anchored,spec_anchored,2,1,False,reth
execution,precompiles,improper_state_update,spec_anchored,spec_anchored,2,1,False,geth
execution,serialization,missing_input_validation,spec_anchored,spec_anchored,2,1,False,erigon
execution,transactions,missing_bounds_check,spec_anchored,spec_anchored,2,1,False,erigon
consensus,beacon-chain:attestation,improper_state_update,spec_anchored,spec_anchored,1,1,False,prysm
consensus,beacon-chain:attestation,incorrect_gas_accounting,spec_anchored,spec_anchored,1,1,False,teku
consensus,beacon-chain:block-processing,incorrect_gas_accounting,spec_anchored,spec_anchored,1,1,False,teku
consensus,beacon-chain:block-processing,missing_bounds_check,spec_anchored,spec_anchored,1,1,False,nimbus
consensus,beacon-chain:block-processing,serialization_bug,spec_anchored,spec_anchored,1,1,False,lighthouse
consensus,beacon-chain:deposit,integer_overflow_underflow,spec_anchored,client_local,1,1,False,teku
consensus,beacon-chain:deposit,resource_exhaustion,spec_anchored,client_local,1,1,False,lodestar
consensus,beacon-chain:execution-payload,resource_exhaustion,spec_anchored,spec_anchored,1,1,False,grandine
consensus,beacon-chain:exit-consolidation,resource_exhaustion,spec_anchored,client_local,1,1,False,nimbus
consensus,beacon-chain:justification-and-finality,consensus_divergence,spec_anchored,client_local,1,1,False,lighthouse
consensus,beacon-chain:justification-and-finality,crypto_misuse,spec_anchored,client_local,1,1,False,prysm
consensus,beacon-chain:justification-and-finality,race_condition,spec_anchored,client_local,1,1,False,lighthouse
consensus,beacon-chain:registry-updates,missing_bounds_check,spec_anchored,client_local,1,1,False,lighthouse
consensus,beacon-chain:registry-updates,missing_input_validation,spec_anchored,client_local,1,1,False,lodestar
consensus,beacon-chain:registry-updates,other,spec_anchored,client_local,1,1,False,grandine
consensus,beacon-chain:slashing,consensus_divergence,spec_anchored,client_local,1,1,False,lighthouse
consensus,beacon-chain:slashing,missing_bounds_check,spec_anchored,client_local,1,1,False,nimbus
consensus,beacon-chain:slashing,resource_exhaustion,spec_anchored,client_local,1,1,False,lighthouse
consensus,beacon-chain:sync-committee,consensus_divergence,spec_anchored,client_local,1,1,False,lodestar
consensus,beacon-chain:sync-committee,unhandled_error_or_nil,spec_anchored,client_local,1,1,False,prysm
consensus,beacon-chain:withdrawal,consensus_divergence,spec_anchored,client_local,1,1,False,lodestar
consensus,beacon-chain:withdrawal,missing_bounds_check,spec_anchored,client_local,1,1,False,teku
consensus,beacon-chain:withdrawal,race_condition,spec_anchored,client_local,1,1,False,lodestar
consensus,bls,incorrect_gas_accounting,spec_anchored,client_local,1,1,False,teku
consensus,bls,integer_overflow_underflow,spec_anchored,client_local,1,1,False,teku
consensus,bls,other,spec_anchored,client_local,1,1,False,prysm
consensus,build-ci,crypto_misuse,client_local,client_local,1,1,False,lighthouse
consensus,build-ci,integer_overflow_underflow,client_local,client_local,1,1,False,lighthouse
consensus,build-ci,missing_bounds_check,client_local,client_local,1,1,False,lodestar
consensus,builder,incorrect_gas_accounting,client_local,client_local,1,1,False,teku
consensus,builder,unhandled_error_or_nil,client_local,client_local,1,1,False,prysm
consensus,cli,missing_input_validation,client_local,client_local,1,1,False,lodestar
consensus,data-availability-sampling,consensus_divergence,spec_anchored,client_local,1,1,False,nimbus
consensus,data-availability-sampling,missing_bounds_check,spec_anchored,client_local,1,1,False,prysm
consensus,data-availability-sampling,other,spec_anchored,client_local,1,1,False,prysm
consensus,data-availability-sampling,unhandled_error_or_nil,spec_anchored,client_local,1,1,False,lighthouse
consensus,database,incorrect_gas_accounting,client_local,client_local,1,1,False,teku
consensus,database,integer_overflow_underflow,client_local,client_local,1,1,False,lodestar
consensus,deposit-contract,consensus_divergence,spec_anchored,client_local,1,1,False,nimbus
consensus,deposit-contract,integer_overflow_underflow,spec_anchored,client_local,1,1,False,nimbus
consensus,fork-choice,improper_state_update,spec_anchored,spec_anchored,1,1,False,lighthouse
consensus,fork-transition,missing_bounds_check,spec_anchored,client_local,1,1,False,prysm
consensus,fork-transition,other,spec_anchored,client_local,1,1,False,lodestar
consensus,kzg-commitments,crypto_misuse,spec_anchored,client_local,1,1,False,lighthouse
consensus,kzg-commitments,race_condition,spec_anchored,client_local,1,1,False,prysm
consensus,kzg-commitments,serialization_bug,spec_anchored,client_local,1,1,False,lighthouse
consensus,light-client,improper_state_update,spec_anchored,client_local,1,1,False,nimbus
consensus,light-client,integer_overflow_underflow,spec_anchored,client_local,1,1,False,nimbus
consensus,light-client,missing_bounds_check,spec_anchored,client_local,1,1,False,nimbus
consensus,light-client,unhandled_error_or_nil,spec_anchored,client_local,1,1,False,nimbus
consensus,metrics-observability,consensus_divergence,client_local,client_local,1,1,False,lodestar
consensus,metrics-observability,missing_input_validation,client_local,client_local,1,1,False,lodestar
consensus,metrics-observability,other,client_local,client_local,1,1,False,lighthouse
consensus,metrics-observability,race_condition,client_local,client_local,1,1,False,lighthouse
consensus,other,race_condition,unclassified,unclassified,1,1,False,lighthouse
consensus,serialization,improper_state_update,spec_anchored,spec_anchored,1,1,False,lodestar
consensus,serialization,missing_bounds_check,spec_anchored,spec_anchored,1,1,False,lighthouse
consensus,serialization,missing_input_validation,spec_anchored,spec_anchored,1,1,False,lodestar
consensus,serialization,resource_exhaustion,spec_anchored,spec_anchored,1,1,False,teku
consensus,serialization,serialization_bug,spec_anchored,spec_anchored,1,1,False,lighthouse
consensus,test,improper_state_update,client_local,client_local,1,1,False,lodestar
consensus,test,missing_input_validation,client_local,client_local,1,1,False,lodestar
consensus,test,serialization_bug,client_local,client_local,1,1,False,lodestar
consensus,validator,resource_exhaustion,spec_anchored,client_local,1,1,False,teku
consensus,weak-subjectivity,missing_input_validation,spec_anchored,client_local,1,1,False,nimbus
execution,blobs,improper_state_update,spec_anchored,client_local,1,1,False,geth
execution,blobs,incorrect_gas_accounting,spec_anchored,client_local,1,1,False,reth
execution,blobs,integer_overflow_underflow,spec_anchored,client_local,1,1,False,besu
execution,blobs,missing_bounds_check,spec_anchored,client_local,1,1,False,geth
execution,blobs,race_condition,spec_anchored,client_local,1,1,False,geth
execution,blobs,unhandled_error_or_nil,spec_anchored,client_local,1,1,False,erigon
execution,block-processing,improper_state_update,spec_anchored,spec_anchored,1,1,False,nethermind
execution,block-processing,integer_overflow_underflow,spec_anchored,spec_anchored,1,1,False,erigon
execution,build-ci,unhandled_error_or_nil,client_local,client_local,1,1,False,geth
execution,cli,consensus_divergence,client_local,client_local,1,1,False,erigon
execution,cli,integer_overflow_underflow,client_local,client_local,1,1,False,erigon
execution,cli,missing_bounds_check,client_local,client_local,1,1,False,erigon
execution,crypto,consensus_divergence,spec_anchored,client_local,1,1,False,reth
execution,crypto,missing_bounds_check,spec_anchored,client_local,1,1,False,erigon
execution,crypto,other,spec_anchored,client_local,1,1,False,besu
execution,database,consensus_divergence,client_local,client_local,1,1,False,geth
execution,engine-api,race_condition,spec_anchored,client_local,1,1,False,erigon
execution,engine-api,resource_exhaustion,spec_anchored,client_local,1,1,False,erigon
execution,evm,incorrect_gas_accounting,spec_anchored,spec_anchored,1,1,False,geth
execution,evm,reentrancy,spec_anchored,spec_anchored,1,1,False,geth
execution,metrics-observability,missing_bounds_check,client_local,client_local,1,1,False,reth
execution,opcodes,incorrect_gas_accounting,spec_anchored,spec_anchored,1,1,False,geth
execution,opcodes,race_condition,spec_anchored,spec_anchored,1,1,False,geth
execution,other,integer_overflow_underflow,unclassified,unclassified,1,1,False,nethermind
execution,p2p,crypto_misuse,client_local,client_local,1,1,False,besu
execution,precompiles,consensus_divergence,spec_anchored,spec_anchored,1,1,False,nethermind
execution,precompiles,crypto_misuse,spec_anchored,spec_anchored,1,1,False,geth
execution,precompiles,incorrect_gas_accounting,spec_anchored,spec_anchored,1,1,False,geth
execution,precompiles,other,spec_anchored,spec_anchored,1,1,False,geth
execution,precompiles,race_condition,spec_anchored,spec_anchored,1,1,False,reth
execution,rlp,consensus_divergence,spec_anchored,spec_anchored,1,1,False,nethermind
execution,rlp,missing_input_validation,spec_anchored,spec_anchored,1,1,False,erigon
execution,rlp,unhandled_error_or_nil,spec_anchored,spec_anchored,1,1,False,geth
execution,serialization,other,spec_anchored,spec_anchored,1,1,False,nethermind
execution,serialization,race_condition,spec_anchored,spec_anchored,1,1,False,erigon
execution,state-trie,crypto_misuse,spec_anchored,spec_anchored,1,1,False,geth
execution,state-trie,incorrect_gas_accounting,spec_anchored,spec_anchored,1,1,False,besu
execution,sync,incorrect_gas_accounting,client_local,client_local,1,1,False,geth
execution,test,crypto_misuse,client_local,client_local,1,1,False,geth
execution,test,improper_state_update,client_local,client_local,1,1,False,erigon
execution,test,missing_bounds_check,client_local,client_local,1,1,False,geth
execution,transactions,crypto_misuse,spec_anchored,spec_anchored,1,1,False,geth
execution,transactions,incorrect_gas_accounting,spec_anchored,spec_anchored,1,1,False,geth
execution,txpool,missing_bounds_check,client_local,client_local,1,1,False,geth
execution,txpool,serialization_bug,client_local,client_local,1,1,False,erigon
