population,dimension,category,direct_advisory_rows,direct_advisory_denominator,direct_advisory_percent,no_id_rows,no_id_denominator,no_id_percent,odds_ratio,ci95_low,ci95_high,p_value,q_value_bh
A_only,attack_path,malformed_input,10,36,27.778,43,91,47.253,0.44177,0.193866,1.006678,0.051875991,0.051875991
A_only,layer,consensus,4,36,11.111,68,91,74.725,0.047501,0.015946,0.141499,4.4673878e-08,4.4673878e-08
A_only,layer,execution,32,36,88.889,23,91,25.275,21.052009,7.067185,62.710558,4.4673878e-08,4.4673878e-08
A_only,root_cause,other,2,36,5.556,23,91,25.275,0.211224,0.053857,0.828404,0.025747417,0.051494835
A_only,root_cause,missing_input_validation,9,36,25.0,35,91,38.462,0.549808,0.235303,1.284677,0.16713428,0.16713428
A_only,source_platform,geth,23,36,63.889,4,91,4.396,33.847737,10.610669,107.973333,2.6701909e-09,8.0105726e-09
A_only,source_platform,nimbus,0,36,0.0,28,91,30.769,0.030522,0.001809,0.514905,0.015501782,0.023252674
A_only,source_platform,lodestar,3,36,8.333,24,91,26.374,0.287846,0.087207,0.950107,0.04095303,0.04095303
A_or_B,attack_path,malicious_tx,9,36,25.0,16,1656,0.966,34.346556,14.207306,83.033752,4.0861745e-15,3.677557e-14
A_or_B,attack_path,malicious_p2p_message,10,36,27.778,194,1656,11.715,2.979337,1.435464,6.183681,0.0033864751,0.015239138
A_or_B,attack_path,malicious_block,3,36,8.333,46,1656,2.778,3.61852,1.158453,11.302738,0.026890054,0.080670163
A_or_B,attack_path,crafted_state,3,36,8.333,359,1656,21.679,0.377078,0.124616,1.141007,0.084259419,0.18958369
A_or_B,attack_path,malicious_attestation,0,36,0.0,150,1656,9.058,0.137123,0.008374,2.245497,0.16364954,0.24636115
A_or_B,attack_path,malformed_input,10,36,27.778,659,1656,39.795,0.599296,0.291282,1.233017,0.16424077,0.24636115
A_or_B,attack_path,peer,0,36,0.0,78,1656,4.71,0.275456,0.016751,4.52963,0.36677021,0.4715617
A_or_B,attack_path,internal_only,1,36,2.778,107,1656,6.461,0.60904,0.1175,3.156855,0.55474534,0.62408851
A_or_B,attack_path,large_input,0,36,0.0,38,1656,2.295,0.575876,0.034705,9.555906,0.70019067,0.70019067
A_or_B,label,p2p,7,36,19.444,54,1656,3.261,7.475509,3.208697,17.416179,3.1345389e-06,6.8959855e-05
A_or_B,label,evm,3,36,8.333,28,1656,1.691,5.969887,1.868395,19.074956,0.0025725829,0.028298412
A_or_B,label,block-processing,3,36,8.333,32,1656,1.932,5.222273,1.646159,16.567133,0.0050126318,0.0367593
A_or_B,label,state-trie,1,36,2.778,184,1656,11.111,0.337227,0.065353,1.74011,0.19416813,0.71194981
A_or_B,label,rpc,4,36,11.111,106,1656,6.401,2.015818,0.737727,5.508168,0.17165922,0.71194981
A_or_B,label,beacon-chain:slashing,1,36,2.778,22,1656,1.329,3.069484,0.568688,16.567484,0.19229383,0.71194981
A_or_B,label,beacon-chain:attestation,0,36,0.0,93,1656,5.616,0.229067,0.01395,3.76155,0.30200453,0.88779449
A_or_B,label,fork-choice,0,36,0.0,86,1656,5.193,0.248713,0.015137,4.086575,0.32990273,0.88779449
A_or_B,label,beacon-chain:block-processing,0,36,0.0,71,1656,4.287,0.303765,0.018457,4.999409,0.40438996,0.88779449
A_or_B,label,validator,0,36,0.0,64,1656,3.865,0.338218,0.020529,5.572234,0.44824678,0.88779449
A_or_B,label,other,0,36,0.0,59,1656,3.563,0.367791,0.022304,6.06486,0.48425154,0.88779449
A_or_B,label,sync,1,36,2.778,123,1656,7.428,0.524662,0.101363,2.715692,0.44191894,0.88779449
A_or_B,label,build-ci,0,36,0.0,47,1656,2.838,0.464167,0.028067,7.67637,0.59183835,0.95741546
A_or_B,label,engine-api,0,36,0.0,39,1656,2.355,0.56095,0.03382,9.304047,0.68661652,0.95741546
A_or_B,label,database,0,36,0.0,36,1656,2.174,0.608182,0.036616,10.101792,0.7286972,0.95741546
A_or_B,label,data-availability-sampling,0,36,0.0,32,1656,1.932,0.684721,0.041129,11.399316,0.7918095,0.95741546
A_or_B,label,cli,0,36,0.0,30,1656,1.812,0.730519,0.04382,12.178527,0.82685881,0.95741546
A_or_B,label,transactions,1,36,2.778,80,1656,4.831,0.827487,0.159066,4.304711,0.82192793,0.95741546
A_or_B,label,txpool,1,36,2.778,52,1656,3.14,1.291348,0.246333,6.769621,0.76228173,0.95741546
A_or_B,label,test,1,36,2.778,59,1656,3.563,1.134454,0.216967,5.931711,0.88117849,0.96929633
A_or_B,label,builder,0,36,0.0,21,1656,1.268,1.042052,0.061925,17.535331,0.97718454,0.97718454
A_or_B,label,p2p-interface,2,36,5.556,107,1656,6.461,1.044489,0.285073,3.826949,0.94761601,0.97718454
A_or_B,layer,consensus,4,36,11.111,686,1656,41.425,0.195742,0.072684,0.527146,0.0012520435,0.0012520435
A_or_B,layer,execution,32,36,88.889,970,1656,58.575,5.108764,1.897008,13.75823,0.0012520435,0.0012520435
A_or_B,root_cause,race_condition,0,36,0.0,195,1656,11.775,0.102407,0.00626,1.675257,0.11001024,0.52575489
A_or_B,root_cause,consensus_divergence,5,36,13.889,129,1656,7.79,2.059508,0.817994,5.185339,0.12513898,0.52575489
A_or_B,root_cause,missing_bounds_check,3,36,8.333,73,1656,4.408,2.250888,0.730321,6.937361,0.15772647,0.52575489
A_or_B,root_cause,resource_exhaustion,7,36,19.444,230,1656,13.889,1.573403,0.69749,3.549298,0.27483259,0.54966518
A_or_B,root_cause,integer_overflow_underflow,5,36,13.889,154,1656,9.3,1.698002,0.676153,4.264137,0.25974316,0.54966518
A_or_B,root_cause,incorrect_gas_accounting,0,36,0.0,43,1656,2.597,0.508109,0.030683,8.414208,0.63638239,0.70709154
A_or_B,root_cause,unhandled_error_or_nil,2,36,5.556,165,1656,9.964,0.65305,0.179093,2.381293,0.51857954,0.70709154
A_or_B,root_cause,other,2,36,5.556,152,1656,9.179,0.714897,0.195906,2.608785,0.61134339,0.70709154
A_or_B,root_cause,improper_state_update,2,36,5.556,72,1656,4.348,1.583708,0.429396,5.841069,0.48990638,0.70709154
A_or_B,root_cause,missing_input_validation,9,36,25.0,413,1656,24.94,1.03887,0.492715,2.190416,0.920189,0.920189
A_or_B,source_platform,geth,23,36,63.889,297,1656,17.935,7.954746,4.025943,15.717556,2.3948477e-09,2.3948477e-08
A_or_B,source_platform,besu,7,36,19.444,69,1656,4.167,5.807219,2.515227,13.407852,3.779388e-05,0.0001889694
A_or_B,source_platform,erigon,2,36,5.556,348,1656,21.014,0.272077,0.074957,0.987574,0.047814852,0.15938284
A_or_B,source_platform,nimbus,0,36,0.0,194,1656,11.715,0.103004,0.006296,1.685052,0.11092241,0.27730602
A_or_B,source_platform,reth,0,36,0.0,151,1656,9.118,0.136127,0.008313,2.229128,0.16210562,0.32421124
A_or_B,source_platform,nethermind,0,36,0.0,103,1656,6.22,0.205612,0.01253,3.373997,0.2678267,0.39580119
A_or_B,source_platform,lighthouse,1,36,2.778,157,1656,9.481,0.40228,0.077877,2.078019,0.27706083,0.39580119
A_or_B,source_platform,teku,0,36,0.0,86,1656,5.193,0.248713,0.015137,4.086575,0.32990273,0.40752246
A_or_B,source_platform,prysm,0,36,0.0,78,1656,4.71,0.275456,0.016751,4.52963,0.36677021,0.40752246
A_or_B,source_platform,lodestar,3,36,8.333,158,1656,9.541,0.987758,0.324505,3.006632,0.98269688,0.98269688
all_tiers,attack_path,malicious_tx,9,36,25.0,33,2053,1.607,20.83555,9.242914,46.967885,2.4316648e-13,2.1884983e-12
all_tiers,attack_path,malicious_p2p_message,10,36,27.778,221,2053,10.765,3.278036,1.582564,6.789943,0.0013956118,0.0062802529
all_tiers,attack_path,malicious_block,3,36,8.333,53,2053,2.582,3.906682,1.256925,12.142455,0.018511596,0.055534788
all_tiers,attack_path,malicious_attestation,0,36,0.0,172,2053,8.378,0.149414,0.00913,2.445133,0.18251862,0.27377793
all_tiers,attack_path,crafted_state,3,36,8.333,407,2053,19.825,0.422141,0.139627,1.276274,0.12655382,0.27377793
all_tiers,attack_path,malformed_input,10,36,27.778,816,2053,39.747,0.600527,0.292259,1.23395,0.16517737,0.27377793
all_tiers,attack_path,internal_only,1,36,2.778,192,2053,9.352,0.408597,0.079219,2.107479,0.28492235,0.36632874
all_tiers,attack_path,peer,0,36,0.0,99,2053,4.822,0.269085,0.016395,4.416343,0.35780634,0.40253214
all_tiers,attack_path,large_input,0,36,0.0,47,2053,2.289,0.578659,0.034993,9.569022,0.70233622,0.70233622
all_tiers,label,p2p,7,36,19.444,63,2053,3.069,7.969438,3.441997,18.452063,1.2621379e-06,3.4077723e-05
all_tiers,label,opcodes,3,36,8.333,21,2053,1.023,9.876779,3.034354,32.148779,0.00014270493,0.0019265166
all_tiers,label,block-processing,3,36,8.333,38,2053,1.851,5.469471,1.738286,17.20954,0.003667956,0.023451186
all_tiers,label,evm,3,36,8.333,37,2053,1.802,5.618109,1.783457,17.697739,0.0031957335,0.023451186
all_tiers,label,gas,2,36,5.556,20,2053,0.974,7.188052,1.853284,27.879215,0.0043428123,0.023451186
all_tiers,label,crypto,2,36,5.556,24,2053,1.169,6.002662,1.565294,23.019285,0.0089652093,0.040343442
all_tiers,label,other,0,36,0.0,139,2053,6.771,0.188,0.011477,3.079463,0.24137217,0.65454332
all_tiers,label,state-trie,1,36,2.778,207,2053,10.083,0.376005,0.072931,1.938534,0.24242345,0.65454332
all_tiers,label,rpc,4,36,11.111,140,2053,6.819,1.885738,0.693294,5.12915,0.21405429,0.65454332
all_tiers,label,beacon-chain:slashing,1,36,2.778,26,2053,1.266,3.232793,0.603632,17.313435,0.17055444,0.65454332
all_tiers,label,beacon-chain:attestation,0,36,0.0,104,2053,5.066,0.255555,0.015576,4.192896,0.33917101,0.81784484
all_tiers,label,fork-choice,0,36,0.0,93,2053,4.53,0.287232,0.017493,4.716254,0.38228152,0.81784484
all_tiers,label,validator,0,36,0.0,87,2053,4.238,0.307867,0.01874,5.057618,0.40939377,0.81784484
all_tiers,label,beacon-chain:block-processing,0,36,0.0,84,2053,4.092,0.319283,0.01943,5.246625,0.4240677,0.81784484
all_tiers,label,build-ci,0,36,0.0,76,2053,3.702,0.354105,0.021531,5.823767,0.46741906,0.8413543
all_tiers,label,sync,1,36,2.778,138,2053,6.722,0.58438,0.113033,3.021238,0.52158606,0.88017647
all_tiers,label,database,0,36,0.0,48,2053,2.338,0.566445,0.034264,9.36427,0.69128346,0.93376848
all_tiers,label,cli,0,36,0.0,42,2053,2.046,0.648348,0.039141,10.739621,0.76223738,0.93376848
all_tiers,label,engine-api,0,36,0.0,40,2053,1.948,0.681042,0.041082,11.290145,0.78860683,0.93376848
all_tiers,label,data-availability-sampling,0,36,0.0,35,2053,1.705,0.778893,0.046873,12.94302,0.86165497,0.93376848
all_tiers,label,transactions,1,36,2.778,95,2053,4.627,0.866529,0.166975,4.496926,0.86460045,0.93376848
all_tiers,label,test,1,36,2.778,65,2053,3.166,1.282765,0.245806,6.694243,0.76768515,0.93376848
all_tiers,label,metrics-observability,0,36,0.0,21,2053,1.023,1.294998,0.076963,21.790072,0.85755626,0.93376848
all_tiers,label,beacon-chain:execution-payload,0,36,0.0,21,2053,1.023,1.294998,0.076963,21.790072,0.85755626,0.93376848
all_tiers,label,txpool,1,36,2.778,55,2053,2.679,1.521507,0.290625,7.965528,0.61924422,0.93376848
all_tiers,label,p2p-interface,2,36,5.556,131,2053,6.381,1.059404,0.289925,3.871131,0.93044692,0.95234986
all_tiers,label,builder,0,36,0.0,25,2053,1.218,1.089713,0.065085,18.244998,0.95234986,0.95234986
all_tiers,layer,consensus,4,36,11.111,882,2053,42.962,0.183805,0.068317,0.494518,0.00079500498,0.00079500498
all_tiers,layer,execution,32,36,88.889,1171,2053,57.038,5.440556,2.022172,14.637554,0.00079500498,0.00079500498
all_tiers,root_cause,race_condition,0,36,0.0,214,2053,10.424,0.117476,0.007184,1.920988,0.13307393,0.33732694
all_tiers,root_cause,integer_overflow_underflow,5,36,13.889,168,2053,8.183,1.953794,0.779105,4.899611,0.15333043,0.33732694
all_tiers,root_cause,consensus_divergence,5,36,13.889,160,2053,7.793,2.059882,0.820906,5.168821,0.12366685,0.33732694
all_tiers,root_cause,missing_bounds_check,3,36,8.333,83,2053,4.043,2.465547,0.802369,7.576215,0.11512593,0.33732694
all_tiers,root_cause,crypto_misuse,1,36,2.778,19,2053,0.925,4.408451,0.810548,23.976922,0.085995501,0.33732694
all_tiers,root_cause,other,2,36,5.556,263,2053,12.811,0.492396,0.13551,1.789197,0.2818205,0.51667091
all_tiers,root_cause,resource_exhaustion,7,36,19.444,310,2053,15.1,1.427577,0.634712,3.21087,0.38935808,0.60630605
all_tiers,root_cause,improper_state_update,2,36,5.556,85,2053,4.14,1.668362,0.453831,6.133191,0.44094985,0.60630605
all_tiers,root_cause,unhandled_error_or_nil,2,36,5.556,201,2053,9.791,0.666199,0.183028,2.424878,0.53776853,0.65727265
all_tiers,root_cause,incorrect_gas_accounting,0,36,0.0,47,2053,2.289,0.578659,0.034993,9.569022,0.70233622,0.76170733
all_tiers,root_cause,missing_input_validation,9,36,25.0,483,2053,23.527,1.122102,0.532901,2.362754,0.76170733,0.76170733
all_tiers,source_platform,geth,23,36,63.889,358,2053,17.438,8.232708,4.175077,16.233828,1.1617178e-09,1.1617178e-08
all_tiers,source_platform,besu,7,36,19.444,93,2053,4.53,5.330826,2.329298,12.200114,7.4408365e-05,0.00037204183
all_tiers,source_platform,erigon,2,36,5.556,410,2053,19.971,0.29012,0.079998,1.052141,0.059744868,0.19914956
all_tiers,source_platform,nimbus,0,36,0.0,245,2053,11.934,0.100912,0.006174,1.649477,0.10763338,0.26908345
all_tiers,source_platform,reth,0,36,0.0,180,2053,8.768,0.142185,0.00869,2.326419,0.17134261,0.34268522
all_tiers,source_platform,nethermind,0,36,0.0,128,2053,6.235,0.205266,0.012526,3.363694,0.26708283,0.36143397
all_tiers,source_platform,teku,0,36,0.0,112,2053,5.455,0.236408,0.014416,3.876946,0.31224042,0.36143397
all_tiers,source_platform,prysm,0,36,0.0,108,2053,5.261,0.245628,0.014975,4.029061,0.32529057,0.36143397
all_tiers,source_platform,lighthouse,1,36,2.778,201,2053,9.791,0.38846,0.075335,2.003076,0.25852085,0.36143397
all_tiers,source_platform,lodestar,3,36,8.333,199,2053,9.693,0.971197,0.31985,2.948953,0.95886703,0.95886703
