population,dimension,category,eligible_rows,critical_or_high_rows,critical_or_high_percent
combined_ef,source_platform,besu,25,2,8.0
combined_ef,source_platform,consensus-specs,1,1,100.0
combined_ef,source_platform,erigon,137,1,0.73
combined_ef,source_platform,geth,90,65,72.222
combined_ef,source_platform,grandine,6,0,0.0
combined_ef,source_platform,lighthouse,68,50,73.529
combined_ef,source_platform,lodestar,64,4,6.25
combined_ef,source_platform,nethermind,36,1,2.778
combined_ef,source_platform,nimbus,73,1,1.37
combined_ef,source_platform,prysm,1,1,100.0
combined_ef,source_platform,reth,56,2,3.571
combined_ef,source_platform,teku,35,0,0.0
combined_ef,layer,consensus,247,56,22.672
combined_ef,layer,execution,345,72,20.87
combined_ef,authority_tier,A_authoritative,62,18,29.032
combined_ef,authority_tier,B_corroborated,491,99,20.163
combined_ef,authority_tier,C_candidate,39,11,28.205
combined_ef,attack_path,crafted_state,145,39,26.897
combined_ef,attack_path,internal_only,6,1,16.667
combined_ef,attack_path,large_input,10,1,10.0
combined_ef,attack_path,malformed_input,213,43,20.188
combined_ef,attack_path,malicious_attestation,58,14,24.138
combined_ef,attack_path,malicious_block,33,7,21.212
combined_ef,attack_path,malicious_p2p_message,96,15,15.625
combined_ef,attack_path,malicious_tx,12,6,50.0
combined_ef,attack_path,peer,19,2,10.526
combined_ef,root_cause,consensus_divergence,65,18,27.692
combined_ef,root_cause,crypto_misuse,5,2,40.0
combined_ef,root_cause,improper_state_update,28,8,28.571
combined_ef,root_cause,incorrect_gas_accounting,17,1,5.882
combined_ef,root_cause,integer_overflow_underflow,78,20,25.641
combined_ef,root_cause,missing_bounds_check,39,8,20.513
combined_ef,root_cause,missing_input_validation,146,26,17.808
combined_ef,root_cause,other,38,7,18.421
combined_ef,root_cause,race_condition,35,5,14.286
combined_ef,root_cause,resource_exhaustion,87,22,25.287
combined_ef,root_cause,serialization_bug,6,4,66.667
combined_ef,root_cause,unhandled_error_or_nil,48,7,14.583
combined_ef,label,beacon-chain:attestation,29,10,34.483
combined_ef,label,beacon-chain:block-processing,30,8,26.667
combined_ef,label,beacon-chain:deposit,4,0,0.0
combined_ef,label,beacon-chain:execution-payload,8,3,37.5
combined_ef,label,beacon-chain:exit-consolidation,1,0,0.0
combined_ef,label,beacon-chain:justification-and-finality,2,1,50.0
combined_ef,label,beacon-chain:rewards-and-penalties,1,0,0.0
combined_ef,label,beacon-chain:slashing,5,3,60.0
combined_ef,label,beacon-chain:sync-committee,5,1,20.0
combined_ef,label,beacon-chain:withdrawal,4,0,0.0
combined_ef,label,blobs,7,5,71.429
combined_ef,label,block-processing,11,2,18.182
combined_ef,label,bls,3,2,66.667
combined_ef,label,build-ci,16,1,6.25
combined_ef,label,builder,8,0,0.0
combined_ef,label,cli,6,0,0.0
combined_ef,label,crypto,9,1,11.111
combined_ef,label,data-availability-sampling,16,4,25.0
combined_ef,label,database,13,3,23.077
combined_ef,label,deposit-contract,1,0,0.0
combined_ef,label,engine-api,19,1,5.263
combined_ef,label,evm,14,3,21.429
combined_ef,label,fork-choice,50,11,22.0
combined_ef,label,fork-transition,1,0,0.0
combined_ef,label,gas,10,4,40.0
combined_ef,label,kzg-commitments,7,1,14.286
combined_ef,label,light-client,5,1,20.0
combined_ef,label,metrics-observability,1,0,0.0
combined_ef,label,opcodes,6,4,66.667
combined_ef,label,other,7,1,14.286
combined_ef,label,p2p,23,6,26.087
combined_ef,label,p2p-interface,35,7,20.0
combined_ef,label,precompiles,5,1,20.0
combined_ef,label,rlp,8,1,12.5
combined_ef,label,rpc,8,1,12.5
combined_ef,label,serialization,7,3,42.857
combined_ef,label,state-trie,70,14,20.0
combined_ef,label,sync,53,13,24.528
combined_ef,label,test,18,5,27.778
combined_ef,label,transactions,38,6,15.789
combined_ef,label,txpool,20,1,5.0
combined_ef,label,validator,8,0,0.0
llm_only,source_platform,besu,22,0,0.0
llm_only,source_platform,erigon,130,1,0.769
llm_only,source_platform,geth,82,59,71.951
llm_only,source_platform,grandine,4,0,0.0
llm_only,source_platform,lighthouse,62,48,77.419
llm_only,source_platform,lodestar,38,0,0.0
llm_only,source_platform,nethermind,33,1,3.03
llm_only,source_platform,nimbus,71,0,0.0
llm_only,source_platform,prysm,1,1,100.0
llm_only,source_platform,reth,54,0,0.0
llm_only,source_platform,teku,35,0,0.0
llm_only,layer,consensus,211,49,23.223
llm_only,layer,execution,321,61,19.003
llm_only,authority_tier,A_authoritative,2,0,0.0
llm_only,authority_tier,B_corroborated,491,99,20.163
llm_only,authority_tier,C_candidate,39,11,28.205
llm_only,attack_path,crafted_state,133,35,26.316
llm_only,attack_path,large_input,10,1,10.0
llm_only,attack_path,malformed_input,183,38,20.765
llm_only,attack_path,malicious_attestation,55,11,20.0
llm_only,attack_path,malicious_block,33,7,21.212
llm_only,attack_path,malicious_p2p_message,90,13,14.444
llm_only,attack_path,malicious_tx,9,3,33.333
llm_only,attack_path,peer,19,2,10.526
llm_only,root_cause,consensus_divergence,59,14,23.729
llm_only,root_cause,crypto_misuse,4,2,50.0
llm_only,root_cause,improper_state_update,23,7,30.435
llm_only,root_cause,incorrect_gas_accounting,17,1,5.882
llm_only,root_cause,integer_overflow_underflow,75,18,24.0
llm_only,root_cause,missing_bounds_check,39,8,20.513
llm_only,root_cause,missing_input_validation,125,19,15.2
llm_only,root_cause,other,25,6,24.0
llm_only,root_cause,race_condition,33,5,15.152
llm_only,root_cause,resource_exhaustion,81,20,24.691
llm_only,root_cause,serialization_bug,4,3,75.0
llm_only,root_cause,unhandled_error_or_nil,47,7,14.894
llm_only,label,beacon-chain:attestation,27,8,29.63
llm_only,label,beacon-chain:block-processing,30,8,26.667
llm_only,label,beacon-chain:deposit,3,0,0.0
llm_only,label,beacon-chain:execution-payload,6,1,16.667
llm_only,label,beacon-chain:exit-consolidation,1,0,0.0
llm_only,label,beacon-chain:justification-and-finality,1,0,0.0
llm_only,label,beacon-chain:rewards-and-penalties,1,0,0.0
llm_only,label,beacon-chain:slashing,5,3,60.0
llm_only,label,beacon-chain:sync-committee,4,0,0.0
llm_only,label,beacon-chain:withdrawal,3,0,0.0
llm_only,label,blobs,7,5,71.429
llm_only,label,block-processing,11,2,18.182
llm_only,label,bls,3,2,66.667
llm_only,label,build-ci,9,1,11.111
llm_only,label,builder,8,0,0.0
llm_only,label,cli,5,0,0.0
llm_only,label,crypto,8,0,0.0
llm_only,label,data-availability-sampling,15,4,26.667
llm_only,label,database,13,3,23.077
llm_only,label,deposit-contract,1,0,0.0
llm_only,label,engine-api,17,0,0.0
llm_only,label,evm,13,2,15.385
llm_only,label,fork-choice,47,10,21.277
llm_only,label,gas,9,3,33.333
llm_only,label,kzg-commitments,7,1,14.286
llm_only,label,light-client,5,1,20.0
llm_only,label,metrics-observability,1,0,0.0
llm_only,label,opcodes,4,2,50.0
llm_only,label,other,2,0,0.0
llm_only,label,p2p,21,5,23.81
llm_only,label,p2p-interface,31,7,22.581
llm_only,label,precompiles,4,0,0.0
llm_only,label,rlp,8,1,12.5
llm_only,label,rpc,3,0,0.0
llm_only,label,serialization,7,3,42.857
llm_only,label,state-trie,67,14,20.896
llm_only,label,sync,50,13,26.0
llm_only,label,test,16,5,31.25
llm_only,label,transactions,37,5,13.514
llm_only,label,txpool,20,1,5.0
llm_only,label,validator,2,0,0.0
