advisory_id,reviewed_scope,source_platform,record_id,appears_in_multiple_scopes
CVE-2022-36025,direct_client_implementation,besu,besu:ghsa-advisory:GHSA-4456-w38r-m53x,False
GHSA-4456-W38R-M53X,direct_client_implementation,besu,besu:ghsa-advisory:GHSA-4456-w38r-m53x,False
GHSA-7PG2-P5VJ-XP5H,direct_client_implementation,besu,besu:hyperledger-besu:GHSA-7pg2-p5vj-xp5h,False
GHSA-QGFJ-MJPC-7W3Q,direct_client_implementation,besu,besu:hyperledger-besu:GHSA-qgfj-mjpc-7w3q,False
CVE-2026-24400,dependency_or_tooling,besu,besu:hyperledger-besu:PR#9710,False
CVE-2025-22228,dependency_or_tooling,besu,e9c4d0538157b24f,False
CVE-2025-24970,dependency_or_tooling,besu,d03b52db03359043,False
CVE-2023-51775,dependency_or_tooling,besu,besu:hyperledger-besu:PR#7770,False
CVE-2024-7254,dependency_or_tooling,besu,besu:hyperledger-besu:PR#7664,False
CVE-2026-25680,dependency_or_tooling,erigon,93076007b5f6d2f2,False
CVE-2026-25681,dependency_or_tooling,erigon,93076007b5f6d2f2,False
CVE-2026-27136,dependency_or_tooling,erigon,93076007b5f6d2f2,False
CVE-2026-39821,dependency_or_tooling,erigon,93076007b5f6d2f2,False
CVE-2026-39827,dependency_or_tooling,erigon,93076007b5f6d2f2,False
CVE-2026-39828,dependency_or_tooling,erigon,93076007b5f6d2f2,False
CVE-2026-39829,dependency_or_tooling,erigon,93076007b5f6d2f2,False
CVE-2026-39830,dependency_or_tooling,erigon,93076007b5f6d2f2,False
CVE-2026-39831,dependency_or_tooling,erigon,93076007b5f6d2f2,False
CVE-2026-39832,dependency_or_tooling,erigon,93076007b5f6d2f2,False
CVE-2026-39833,dependency_or_tooling,erigon,93076007b5f6d2f2,False
CVE-2026-39834,dependency_or_tooling,erigon,93076007b5f6d2f2,False
CVE-2026-39835,dependency_or_tooling,erigon,93076007b5f6d2f2,False
CVE-2026-42502,dependency_or_tooling,erigon,93076007b5f6d2f2,False
CVE-2026-42506,dependency_or_tooling,erigon,93076007b5f6d2f2,False
CVE-2026-42508,dependency_or_tooling,erigon,93076007b5f6d2f2,False
CVE-2026-46595,dependency_or_tooling,erigon,93076007b5f6d2f2,False
CVE-2026-46597,dependency_or_tooling,erigon,93076007b5f6d2f2,False
CVE-2026-46598,dependency_or_tooling,erigon,93076007b5f6d2f2,False
CVE-2026-22036,dependency_or_tooling,erigon,d062b8ac653cd7a7,False
CVE-2024-53259,dependency_or_tooling,erigon,erigon:erigontech-erigon:PR#13256,False
CVE-2020-26265,direct_client_implementation,erigon,erigon:erigontech-erigon:PR#5450,False
CVE-2025-24883,direct_client_implementation,geth,geth:ethereum-go-ethereum:GHSA-2gjw-fg97-vg3r,False
CVE-2026-26313,direct_client_implementation,geth,geth:ethereum-go-ethereum:GHSA-2gjw-fg97-vg3r,True
CVE-2026-26314,direct_client_implementation,geth,geth:ethereum-go-ethereum:GHSA-2gjw-fg97-vg3r,True
CVE-2026-26315,direct_client_implementation,geth,geth:ethereum-go-ethereum:GHSA-2gjw-fg97-vg3r,True
GHSA-2GJW-FG97-VG3R,direct_client_implementation,geth,geth:ethereum-go-ethereum:GHSA-2gjw-fg97-vg3r,False
GHSA-4XC9-8HMQ-J652,direct_client_implementation,geth,geth:ethereum-go-ethereum:GHSA-2gjw-fg97-vg3r,False
GHSA-689V-6XWF-5JF3,direct_client_implementation,geth,geth:ethereum-go-ethereum:GHSA-2gjw-fg97-vg3r,False
GHSA-M6J8-RG6R-7MV8,direct_client_implementation,geth,geth:ethereum-go-ethereum:GHSA-2gjw-fg97-vg3r,False
GHSA-MQ3P-RRMP-79JG,direct_client_implementation,geth,geth:ethereum-go-ethereum:GHSA-2gjw-fg97-vg3r,False
GHSA-MR7Q-C9W9-WH4H,direct_client_implementation,geth,geth:ethereum-go-ethereum:GHSA-2gjw-fg97-vg3r,False
GHSA-PPJG-V974-84CM,direct_client_implementation,geth,geth:ethereum-go-ethereum:GHSA-2gjw-fg97-vg3r,False
GHSA-Q26P-9CQ4-7FC2,direct_client_implementation,geth,geth:ethereum-go-ethereum:GHSA-2gjw-fg97-vg3r,False
GHSA-WJXW-GH3M-7PM5,direct_client_implementation,geth,geth:ethereum-go-ethereum:GHSA-2gjw-fg97-vg3r,False
GHSA-59HH-656J-3P7V,direct_client_implementation,geth,geth:ethereum-go-ethereum:GHSA-59hh-656j-3p7v,False
CVE-2021-39137,direct_client_implementation,geth,geth:ethereum-go-ethereum:GHSA-9856-9gg9-qcmq,False
GHSA-9856-9GG9-QCMQ,direct_client_implementation,geth,geth:ethereum-go-ethereum:GHSA-9856-9gg9-qcmq,False
GHSA-XW37-57QP-9MM4,direct_client_implementation,geth,geth:ethereum-go-ethereum:GHSA-xw37-57qp-9mm4,False
CVE-2020-26264,direct_client_implementation,geth,geth:ethereum-go-ethereum:GHSA-r33q-22hv-j29q,False
GHSA-R33Q-22HV-J29Q,direct_client_implementation,geth,geth:ethereum-go-ethereum:GHSA-r33q-22hv-j29q,False
CVE-2020-28362,dependency_or_tooling,geth,geth:ghsa-advisory:GHSA-m6gx-rhvj-fh52,False
GHSA-M6GX-RHVJ-FH52,dependency_or_tooling,geth,geth:ghsa-advisory:GHSA-m6gx-rhvj-fh52,False
CVE-2020-26242,direct_client_implementation,geth,geth:ethereum-go-ethereum:GHSA-jm5c-rv3w-w83m,False
GHSA-JM5C-RV3W-W83M,direct_client_implementation,geth,geth:ethereum-go-ethereum:GHSA-jm5c-rv3w-w83m,False
GHSA-69V6-XC2J-R2JF,direct_client_implementation,geth,geth:ethereum-go-ethereum:GHSA-69v6-xc2j-r2jf,False
CVE-2025-22869,dependency_or_tooling,geth,93a34a4a3b58f64f,False
RUSTSEC-2025-0137,dependency_or_tooling,grandine,grandine:beacon-api:PR#549,False
GHSA-WM9C-XVQQ-5C28,direct_client_implementation,lighthouse,lighthouse:sigp-lighthouse:GHSA-wm9c-xvqq-5c28,False
CVE-2022-0778,dependency_or_tooling,lighthouse,27a80054839cd95e,False
RUSTSEC-2020-0091,dependency_or_tooling,lighthouse,lighthouse:sigp-lighthouse:ISSUE#2086,False
GHSA-PGGP-6C3X-2XMX,dependency_or_tooling,lighthouse,ce53375ee1a6c3d4,False
GHSA-434X-W66G-QW3R,dependency_or_tooling,lighthouse,lighthouse:networking:PR#8743,False
RUSTSEC-2026-0007,dependency_or_tooling,lighthouse,lighthouse:networking:PR#8743,False
RUSTSEC-2025-0137,dependency_or_tooling,lighthouse,lighthouse:networking:PR#8617,False
RUSTSEC-2025-0004,dependency_or_tooling,lighthouse,lighthouse:networking:PR#6901,False
RUSTSEC-2024-0332,dependency_or_tooling,lighthouse,lighthouse:networking:PR#5514,False
GHSA-M9C9-MC2H-9WJW,direct_client_implementation,lodestar,lodestar:chainsafe-lodestar:GHSA-m9c9-mc2h-9wjw,False
GHSA-53RV-HCVM-RPP9,direct_client_implementation,lodestar,lodestar:chainsafe-lodestar:GHSA-53rv-hcvm-rpp9,False
CVE-2022-29219,direct_client_implementation,lodestar,bc36f78358adeec5,False
GHSA-CVJ7-5F3C-9VG9,direct_client_implementation,lodestar,bc36f78358adeec5,False
CVE-2022-4304,dependency_or_tooling,lodestar,lodestar:chainsafe-lodestar:PR#5166,False
CVE-2022-4450,dependency_or_tooling,lodestar,lodestar:chainsafe-lodestar:PR#5166,False
CVE-2023-0215,dependency_or_tooling,lodestar,lodestar:chainsafe-lodestar:PR#5166,False
CVE-2023-0286,dependency_or_tooling,lodestar,lodestar:chainsafe-lodestar:PR#5166,False
GHSA-FC9H-WHQ2-V747,dependency_or_tooling,lodestar,a4bfb41590b1a159,False
CVE-2026-33806,dependency_or_tooling,lodestar,lodestar:scope-networking:PR#9250,False
GHSA-247C-9743-5963,dependency_or_tooling,lodestar,lodestar:scope-networking:PR#9250,False
CVE-2026-3635,dependency_or_tooling,lodestar,lodestar:scope-networking:PR#9114,False
GHSA-444R-CWP2-X5XF,dependency_or_tooling,lodestar,lodestar:scope-networking:PR#9114,False
CVE-2025-69873,dependency_or_tooling,lodestar,lodestar:scope-networking:PR#8927,False
CVE-2026-25224,dependency_or_tooling,lodestar,2cedff1345f12596,False
GHSA-MRQ3-VJJR-P77C,dependency_or_tooling,lodestar,2cedff1345f12596,False
CVE-2025-12816,dependency_or_tooling,lodestar,lodestar:scope-networking:PR#8633,False
CVE-2025-66030,dependency_or_tooling,lodestar,lodestar:scope-networking:PR#8633,False
CVE-2025-66031,dependency_or_tooling,lodestar,lodestar:scope-networking:PR#8633,False
GHSA-554W-WPV2-VW27,dependency_or_tooling,lodestar,lodestar:scope-networking:PR#8633,False
GHSA-5GFM-WPXJ-WJGQ,dependency_or_tooling,lodestar,lodestar:scope-networking:PR#8633,False
GHSA-65CH-62R8-G69G,dependency_or_tooling,lodestar,lodestar:scope-networking:PR#8633,False
CVE-2025-3194,dependency_or_tooling,lodestar,52a0b74179ac2fb5,False
CVE-2025-32442,dependency_or_tooling,lodestar,lodestar:scope-networking:PR#7725,False
GHSA-MG2H-6X62-WPWC,dependency_or_tooling,lodestar,lodestar:scope-networking:PR#7725,False
CVE-2025-22150,dependency_or_tooling,lodestar,48e0700ee23d59c7,False
GHSA-C76H-2CCP-4975,dependency_or_tooling,lodestar,48e0700ee23d59c7,False
CVE-2024-4067,dependency_or_tooling,lodestar,lodestar:scope-networking:PR#7117,False
CVE-2024-4068,dependency_or_tooling,lodestar,lodestar:scope-networking:PR#7117,False
CVE-2024-45813,dependency_or_tooling,lodestar,lodestar:scope-networking:PR#7093,False
GHSA-RRR8-F88R-H8Q6,dependency_or_tooling,lodestar,lodestar:scope-networking:PR#7093,False
CVE-2024-39338,dependency_or_tooling,lodestar,lodestar:scope-networking:PR#7020,False
CVE-2023-42282,dependency_or_tooling,lodestar,lodestar:scope-networking:PR#6461,False
CVE-2023-45857,dependency_or_tooling,lodestar,lodestar:scope-networking:PR#6104,False
CVE-2023-5217,dependency_or_tooling,lodestar,lodestar:scope-networking:PR#6023,False
GHSA-4Q6P-R6V2-JVC5,dependency_or_tooling,lodestar,lodestar:scope-networking:PR#6006,False
CVE-2023-3728,dependency_or_tooling,lodestar,lodestar:scope-networking:PR#5983,False
CVE-2023-3730,dependency_or_tooling,lodestar,lodestar:scope-networking:PR#5983,False
CVE-2023-3732,dependency_or_tooling,lodestar,lodestar:scope-networking:PR#5983,False
CVE-2023-4351,dependency_or_tooling,lodestar,lodestar:scope-networking:PR#5983,False
CVE-2023-4352,dependency_or_tooling,lodestar,lodestar:scope-networking:PR#5983,False
CVE-2023-4353,dependency_or_tooling,lodestar,lodestar:scope-networking:PR#5983,False
CVE-2023-4354,dependency_or_tooling,lodestar,lodestar:scope-networking:PR#5983,False
CVE-2023-4355,dependency_or_tooling,lodestar,lodestar:scope-networking:PR#5983,False
CVE-2023-4427,dependency_or_tooling,lodestar,lodestar:scope-networking:PR#5983,False
CVE-2023-4428,dependency_or_tooling,lodestar,lodestar:scope-networking:PR#5983,False
CVE-2023-4572,dependency_or_tooling,lodestar,lodestar:scope-networking:PR#5983,False
CVE-2023-4762,dependency_or_tooling,lodestar,lodestar:scope-networking:PR#5983,False
CVE-2023-4863,dependency_or_tooling,lodestar,lodestar:scope-networking:PR#5983,False
CVE-2022-41919,dependency_or_tooling,lodestar,lodestar:scope-networking:PR#4793,False
GHSA-3FJJ-P79J-C9HH,dependency_or_tooling,lodestar,lodestar:scope-networking:PR#4793,False
GHSA-455W-C45V-86RG,dependency_or_tooling,lodestar,lodestar:scope-networking:PR#4793,False
GHSA-8HFJ-J24R-96C4,dependency_or_tooling,lodestar,lodestar:scope-networking:PR#4249,False
CVE-2022-0512,dependency_or_tooling,lodestar,lodestar:scope-networking:PR#4065,False
CVE-2022-0691,dependency_or_tooling,lodestar,lodestar:scope-networking:PR#4065,False
GHSA-3F99-HVG4-QJWJ,dependency_or_tooling,lodestar,lodestar:scope-networking:PR#3352,False
CVE-2021-35065,dependency_or_tooling,lodestar,lodestar:scope-networking:PR#3047,False
CVE-2018-8409,dependency_or_tooling,nethermind,nethermind:nethermindeth-nethermind:ISSUE#183,False
CVE-2024-3651,dependency_or_tooling,nimbus,nimbus:consensus:PR#8473,False
CVE-2026-45409,dependency_or_tooling,nimbus,nimbus:consensus:PR#8473,False
GHSA-MF9V-MFXR-J63J,dependency_or_tooling,nimbus,nimbus:consensus:PR#8432,False
GHSA-QCCP-GFCP-XXVC,dependency_or_tooling,nimbus,nimbus:consensus:PR#8432,False
CVE-2026-39377,dependency_or_tooling,nimbus,nimbus:consensus:PR#8312,False
CVE-2026-39378,dependency_or_tooling,nimbus,nimbus:consensus:PR#8312,False
GHSA-4C99-QJ7H-P3VG,dependency_or_tooling,nimbus,nimbus:consensus:PR#8312,False
GHSA-7JQV-FW35-GMX9,dependency_or_tooling,nimbus,nimbus:consensus:PR#8312,False
CVE-2026-25645,dependency_or_tooling,nimbus,nimbus:consensus:PR#8177,False
CVE-2025-53000,dependency_or_tooling,nimbus,nimbus:consensus:PR#7950,False
CVE-2026-24049,dependency_or_tooling,nimbus,nimbus:consensus:PR#7879,False
CVE-2026-21441,dependency_or_tooling,nimbus,nimbus:consensus:PR#7837,False
GHSA-38JV-5279-WG99,dependency_or_tooling,nimbus,nimbus:consensus:PR#7837,False
CVE-2025-66418,dependency_or_tooling,nimbus,nimbus:consensus:PR#7782,False
CVE-2025-66471,dependency_or_tooling,nimbus,nimbus:consensus:PR#7782,False
GHSA-2XPW-W6GG-JR37,dependency_or_tooling,nimbus,nimbus:consensus:PR#7782,False
GHSA-GM62-XV2J-4W53,dependency_or_tooling,nimbus,nimbus:consensus:PR#7782,False
CVE-2025-66034,dependency_or_tooling,nimbus,nimbus:consensus:PR#7771,False
GHSA-768J-98CG-P3FV,dependency_or_tooling,nimbus,nimbus:consensus:PR#7771,False
CVE-2025-50181,dependency_or_tooling,nimbus,nimbus:consensus:PR#7277,False
CVE-2025-50182,dependency_or_tooling,nimbus,nimbus:consensus:PR#7277,False
GHSA-48P4-8XCF-VXJ5,dependency_or_tooling,nimbus,nimbus:consensus:PR#7277,False
GHSA-PQ67-6M6Q-MJ2V,dependency_or_tooling,nimbus,nimbus:consensus:PR#7277,False
CVE-2024-47081,dependency_or_tooling,nimbus,nimbus:consensus:PR#7218,False
GHSA-CPWX-VRP4-4PQ7,dependency_or_tooling,nimbus,nimbus:consensus:PR#7003,False
GHSA-GMJ6-6F8F-6699,dependency_or_tooling,nimbus,nimbus:consensus:PR#6830,False
GHSA-Q2X7-8RV6-6Q7H,dependency_or_tooling,nimbus,nimbus:consensus:PR#6830,False
GHSA-C6RV-G6PJ-R6QX,dependency_or_tooling,nimbus,nimbus:consensus:PR#6805,False
GHSA-H75V-3VVJ-5MFJ,dependency_or_tooling,nimbus,nimbus:consensus:PR#6269,False
CVE-2024-28219,dependency_or_tooling,nimbus,nimbus:consensus:PR#6171,False
CVE-2024-21503,dependency_or_tooling,nimbus,nimbus:consensus:PR#6111,False
GHSA-H5C8-RQWP-CP95,dependency_or_tooling,nimbus,nimbus:consensus:PR#5727,False
GHSA-JH85-WWV9-24HV,dependency_or_tooling,nimbus,nimbus:consensus:PR#4963,False
GHSA-29GW-9793-FVW7,dependency_or_tooling,nimbus,nimbus:consensus:PR#4611,False
CVE-2022-34749,dependency_or_tooling,nimbus,nimbus:consensus:PR#3924,False
CVE-2022-22817,dependency_or_tooling,nimbus,nimbus:consensus:PR#3488,False
CVE-2022-24303,dependency_or_tooling,nimbus,nimbus:consensus:PR#3488,False
GHSA-PQ7M-3GW7-GQ5X,dependency_or_tooling,nimbus,nimbus:consensus:PR#3398,False
CVE-2020-26160,dependency_or_tooling,prysm,8f92ad9b607b0704,False
GHSA-G9MP-8G3H-3C5C,dependency_or_tooling,prysm,prysm:prysmaticlabs-prysm:ISSUE#8863,False
CVE-2021-44228,dependency_or_tooling,teku,teku:ghsa-advisory:GHSA-mwfw-vm54-g3p7,False
GHSA-MWFW-VM54-G3P7,dependency_or_tooling,teku,teku:ghsa-advisory:GHSA-mwfw-vm54-g3p7,False
CVE-2026-34478,dependency_or_tooling,besu,20477e7159c2e375,False
CVE-2026-34480,dependency_or_tooling,besu,20477e7159c2e375,False
CVE-2020-15250,dependency_or_tooling,besu,e1571a89bd83734e,False
CVE-2025-48924,dependency_or_tooling,besu,e1571a89bd83734e,False
CVE-2025-55163,dependency_or_tooling,besu,e1571a89bd83734e,False
CVE-2024-47535,dependency_or_tooling,besu,fc384bdaf55405d0,False
CVE-2018-18928,dependency_or_tooling,besu,b6cb2a5088c2d113,False
CVE-2022-42889,dependency_or_tooling,besu,aae7528edb15c135,False
CVE-2022-42003,dependency_or_tooling,besu,988f488158943300,False
CVE-2023-32731,dependency_or_tooling,besu,28f843896069db8d,False
CVE-2023-33953,dependency_or_tooling,besu,28f843896069db8d,False
CVE-2023-34462,dependency_or_tooling,besu,28f843896069db8d,False
CVE-2023-44487,dependency_or_tooling,besu,28f843896069db8d,False
CVE-2023-4785,dependency_or_tooling,besu,28f843896069db8d,False
CVE-2026-32285,dependency_or_tooling,erigon,eff1234250453226,False
CVE-2026-41907,dependency_or_tooling,erigon,de5069512f1a159f,False
CVE-2026-45736,dependency_or_tooling,erigon,de5069512f1a159f,False
GHSA-58QX-3VCG-4XPX,dependency_or_tooling,erigon,de5069512f1a159f,False
GHSA-W5HQ-G745-H8PQ,dependency_or_tooling,erigon,de5069512f1a159f,False
CVE-2026-11525,dependency_or_tooling,erigon,550962ddcdb2470a,False
CVE-2026-12151,dependency_or_tooling,erigon,550962ddcdb2470a,False
CVE-2026-48038,dependency_or_tooling,erigon,550962ddcdb2470a,False
CVE-2026-49356,dependency_or_tooling,erigon,550962ddcdb2470a,False
CVE-2026-53550,dependency_or_tooling,erigon,550962ddcdb2470a,False
CVE-2026-6733,dependency_or_tooling,erigon,550962ddcdb2470a,False
CVE-2026-9679,dependency_or_tooling,erigon,550962ddcdb2470a,False
GHSA-35P6-XMWP-9G52,dependency_or_tooling,erigon,550962ddcdb2470a,False
GHSA-4X5R-PXFX-6JF8,dependency_or_tooling,erigon,550962ddcdb2470a,False
GHSA-G8M3-5G58-FQ7M,dependency_or_tooling,erigon,550962ddcdb2470a,False
GHSA-H67P-54HQ-RP68,dependency_or_tooling,erigon,550962ddcdb2470a,False
GHSA-P88M-4JFJ-68FV,dependency_or_tooling,erigon,550962ddcdb2470a,False
GHSA-Q7CG-457F-VX79,dependency_or_tooling,erigon,550962ddcdb2470a,False
GHSA-VXPW-J846-P89Q,dependency_or_tooling,erigon,550962ddcdb2470a,False
GHSA-5C6J-R48X-RMVQ,dependency_or_tooling,erigon,e09fdd21649cd021,False
GHSA-FV7C-FP4J-7GWP,dependency_or_tooling,erigon,e09fdd21649cd021,False
GHSA-Q3J6-QGPJ-74H6,dependency_or_tooling,erigon,e09fdd21649cd021,False
GHSA-QJ8W-GFJ5-8C6V,dependency_or_tooling,erigon,e09fdd21649cd021,False
GHSA-V39H-62P7-JPJC,dependency_or_tooling,erigon,e09fdd21649cd021,False
CVE-2026-1525,dependency_or_tooling,erigon,3288680a95c53e21,False
CVE-2026-1526,dependency_or_tooling,erigon,3288680a95c53e21,False
CVE-2026-1527,dependency_or_tooling,erigon,3288680a95c53e21,False
CVE-2026-1528,dependency_or_tooling,erigon,3288680a95c53e21,False
CVE-2026-2229,dependency_or_tooling,erigon,3288680a95c53e21,False
CVE-2026-2581,dependency_or_tooling,erigon,3288680a95c53e21,False
GHSA-2MJP-6Q6P-2QXM,dependency_or_tooling,erigon,3288680a95c53e21,False
GHSA-4992-7RV2-5PVQ,dependency_or_tooling,erigon,3288680a95c53e21,False
GHSA-F269-VFMQ-VJVJ,dependency_or_tooling,erigon,3288680a95c53e21,False
GHSA-PHC3-FGPG-7M6H,dependency_or_tooling,erigon,3288680a95c53e21,False
GHSA-V9P9-HFJ2-HCW8,dependency_or_tooling,erigon,3288680a95c53e21,False
GHSA-VRM6-8VPV-QV8Q,dependency_or_tooling,erigon,3288680a95c53e21,False
CVE-2026-26014,dependency_or_tooling,erigon,1d5721cb62b937b9,False
GHSA-9F3F-WV7R-QC8R,dependency_or_tooling,erigon,1d5721cb62b937b9,False
GHSA-MH63-6H87-95CP,dependency_or_tooling,erigon,d61d20dbb15c3c31,False
CVE-2023-49295,dependency_or_tooling,erigon,efe322757de1cdb0,False
GHSA-PFFG-92CG-XF5C,dependency_or_tooling,erigon,d9d15b02a9ffb53b,False
CVE-2026-26313,dependency_or_tooling,erigon,c4abc462e912553e,True
CVE-2026-26314,dependency_or_tooling,erigon,c4abc462e912553e,True
CVE-2026-26315,dependency_or_tooling,erigon,c4abc462e912553e,True
CVE-2025-24883,direct_client_implementation,erigon,39f552132567e254,False
CVE-2026-26014,dependency_or_tooling,geth,7c5ea587d2623255,False
CVE-2024-32972,direct_client_implementation,geth,ba1acd77a48c7f43,False
CVE-2021-41173,direct_client_implementation,geth,28386a66ef9f34bc,False
CVE-2021-42219,direct_client_implementation,geth,762246407b6270cf,False
CVE-2021-43668,direct_client_implementation,geth,762246407b6270cf,False
CVE-2022-23327,direct_client_implementation,geth,762246407b6270cf,False
CVE-2022-23328,direct_client_implementation,geth,762246407b6270cf,False
CVE-2020-26241,direct_client_implementation,geth,342ad9e80eb3747b,False
CVE-2018-19184,direct_client_implementation,geth,228c807be670b220,False
CVE-2026-22868,direct_client_implementation,geth,7a01ac34bb8f8f97,False
CVE-2026-22862,direct_client_implementation,geth,a4feb077db6061c1,False
CVE-2018-12018,direct_client_implementation,geth,74709c65793547a0,False
CVE-2023-40591,direct_client_implementation,geth,4bb523e194701da7,False
CVE-2018-16733,direct_client_implementation,geth,d6a02420f6ae46dd,False
CVE-2022-37450,direct_client_implementation,geth,1362ec0ca1855226,False
CVE-2020-26240,direct_client_implementation,geth,a977ecb905797129,False
CVE-2023-42319,direct_client_implementation,geth,d5796321d9ebf1ae,False
CVE-2022-29177,direct_client_implementation,geth,caad43d8de668c43,False
CVE-2020-26265,direct_client_implementation,geth,40629fd371ea92ae,False
CVE-2020-29652,dependency_or_tooling,geth,dfc686972ac72690,False
CVE-2023-48795,dependency_or_tooling,geth,17e86a513438dd82,False
CVE-2022-27191,dependency_or_tooling,geth,82bd894e6ef4c96a,False
CVE-2020-7919,dependency_or_tooling,geth,d77e6d7be5ad3831,False
CVE-2025-47914,dependency_or_tooling,geth,121447f155640a8b,False
CVE-2020-9283,dependency_or_tooling,geth,c976633ee45dd987,False
CVE-2021-43565,dependency_or_tooling,geth,c3970363b1e95aa8,False
CVE-2025-58181,dependency_or_tooling,geth,1f039b02ffa221e9,False
CVE-2024-45337,dependency_or_tooling,geth,8dc5f046b9907f2a,False
CVE-2026-46595,dependency_or_tooling,geth,8dc5f046b9907f2a,False
CVE-2019-11841,dependency_or_tooling,geth,f4dd3dfb89c70b7d,False
CVE-2017-3204,dependency_or_tooling,geth,d29c5b0777a57b29,False
CVE-2022-30636,dependency_or_tooling,geth,a7c77190902bffc6,False
CVE-2025-47913,dependency_or_tooling,geth,f62e260bd5f1084d,False
CVE-2026-46597,dependency_or_tooling,geth,52767e37dd25be62,False
CVE-2026-39835,dependency_or_tooling,geth,43bbeb47e038ff8c,False
CVE-2026-39827,dependency_or_tooling,geth,45e1bbf04272c8d7,False
CVE-2026-39830,dependency_or_tooling,geth,80a4f9d175cd68a2,False
CVE-2026-39829,dependency_or_tooling,geth,91a0e713ce49694c,False
CVE-2026-39831,dependency_or_tooling,geth,ba9cf3168de094a1,False
CVE-2026-39834,dependency_or_tooling,geth,8cc2c1fca6566b42,False
CVE-2026-42508,dependency_or_tooling,geth,a0bf4f3c581fd213,False
CVE-2026-46598,dependency_or_tooling,geth,3424eef8b55313ab,False
CVE-2020-27813,dependency_or_tooling,geth,271695669fe1a228,False
RUSTSEC-2022-0084,dependency_or_tooling,grandine,9497bc683371db42,False
RUSTSEC-2021-0097,dependency_or_tooling,lighthouse,fabed8539406e569,False
RUSTSEC-2021-0098,dependency_or_tooling,lighthouse,fabed8539406e569,False
RUSTSEC-2025-0004,dependency_or_tooling,lighthouse,b2fe35df329a3041,False
RUSTSEC-2023-0063,dependency_or_tooling,lighthouse,ceee9db26bd2d69d,False
RUSTSEC-2022-0055,dependency_or_tooling,lighthouse,7aa58e560f5daf20,False
RUSTSEC-2021-0020,dependency_or_tooling,lighthouse,016e9b48cc0d0faa,False
RUSTSEC-2021-0115,dependency_or_tooling,lighthouse,eb5202427514a50d,False
GHSA-4W32-2493-32G7,dependency_or_tooling,lighthouse,73349ded3d9a5d75,False
GHSA-6XVM-J4WR-6V98,dependency_or_tooling,lighthouse,73349ded3d9a5d75,False
GHSA-GC42-3JG7-RXR2,dependency_or_tooling,lighthouse,73349ded3d9a5d75,False
GHSA-VXX9-2994-Q338,dependency_or_tooling,lighthouse,73349ded3d9a5d75,False
RUSTSEC-2022-0084,dependency_or_tooling,lighthouse,11641305ff48c094,False
GHSA-X279-68RR-JP4P,dependency_or_tooling,nimbus,2cb44b7e3ca5ea1e,False
CVE-2024-2961,dependency_or_tooling,prysm,90c378110c2effe2,False
CVE-2025-22869,dependency_or_tooling,prysm,3c83a22575420ffe,False
CVE-2025-22870,dependency_or_tooling,prysm,3c83a22575420ffe,False
CVE-2025-22872,dependency_or_tooling,prysm,3c83a22575420ffe,False
CVE-2025-30204,dependency_or_tooling,prysm,3c83a22575420ffe,False
CVE-2024-34156,dependency_or_tooling,prysm,5851b2083fb6adda,False
CVE-2024-45337,dependency_or_tooling,prysm,5851b2083fb6adda,False
CVE-2024-45338,dependency_or_tooling,prysm,5851b2083fb6adda,False
RUSTSEC-2022-0084,dependency_or_tooling,reth,02e19ccf58f8c45a,False
RUSTSEC-2026-0008,dependency_or_tooling,reth,fbcaa7583ba63b62,False
RUSTSEC-2026-0009,dependency_or_tooling,reth,fbcaa7583ba63b62,False
RUSTSEC-2026-0186,dependency_or_tooling,reth,a63de8e8e19b2b90,False
CVE-2024-7254,dependency_or_tooling,teku,b9328bbd0a612628,False
CVE-2022-2191,dependency_or_tooling,teku,4d821104d536d56a,False
CVE-2022-25857,dependency_or_tooling,teku,c3f774c30e5b6733,False
CVE-2022-2191,dependency_or_tooling,teku,9b6f7f93db170dd0,False
CVE-2021-37136,dependency_or_tooling,teku,6746c31d67430ea7,False
CVE-2021-37137,dependency_or_tooling,teku,6746c31d67430ea7,False
CVE-2022-42003,dependency_or_tooling,teku,61adc10ab2139534,False
CVE-2022-41881,dependency_or_tooling,teku,fa07ca6c516da5c9,False
CVE-2022-1471,dependency_or_tooling,teku,d34ca7107f65e8d9,False
CVE-2023-44487,dependency_or_tooling,teku,dc53f591b9eb1856,False
CVE-2024-7254,dependency_or_tooling,teku,14948bc8b3025deb,False
CVE-2021-21369,direct_client_implementation,besu,8eb93dca323eea76,False
CVE-2025-30147,direct_client_implementation,besu,269366808285e00c,False
CVE-2021-41272,direct_client_implementation,besu,2b3def4a540f08df,False
CVE-2022-36025,direct_client_implementation,besu,e9e9bc9f0e5c5042,False
CVE-2018-20421,direct_client_implementation,geth,a35bfa6a16c0e362,False
CVE-2025-29072,other_product,nethermind,ea812e5ad2a3da8e,False
